TrainSet_ID,Certificate_Type,Certificate_ID,Issue_Date,Expiry_Date,Validity_Status
TS-01,Rolling-Stock,CERT-10860,2025-07-22,2025-10-20,Valid
TS-01,Signalling,CERT-86820,2025-08-28,2026-02-24,Valid
TS-01,Telecom,CERT-47194,2025-06-21,2025-10-19,Valid
TS-02,Rolling-Stock,CERT-54131,2025-06-29,2025-09-27,Expiring
TS-02,Signalling,CERT-51090,2025-08-19,2026-02-15,Valid
TS-02,Telecom,CERT-74820,2025-08-21,2025-12-19,Valid
TS-03,Rolling-Stock,CERT-69735,2025-09-10,2025-12-09,Valid
TS-03,Signalling,CERT-77969,2025-08-13,2026-02-09,Valid
TS-03,Telecom,CERT-93104,2025-07-10,2025-11-07,Valid
TS-04,Rolling-Stock,CERT-95305,2025-06-28,2025-09-26,Expiring
TS-04,Signalling,CERT-81932,2025-08-21,2026-02-17,Valid
TS-04,Telecom,CERT-35658,2025-06-15,2025-10-13,Valid
TS-05,Rolling-Stock,CERT-28431,2025-08-01,2025-10-30,Valid
TS-05,Signalling,CERT-69150,2025-07-14,2026-01-10,Valid
TS-05,Telecom,CERT-94654,2025-07-12,2025-11-09,Valid
TS-06,Rolling-Stock,CERT-77435,2025-07-12,2025-10-10,Expiring
TS-06,Signalling,CERT-76803,2025-07-19,2026-01-15,Valid
TS-06,Telecom,CERT-21394,2025-07-10,2025-11-07,Valid
TS-07,Rolling-Stock,CERT-51606,2025-07-23,2025-10-21,Valid
TS-07,Signalling,CERT-90038,2025-08-22,2026-02-18,Valid
TS-07,Telecom,CERT-20627,2025-08-25,2025-12-23,Valid
TS-08,Rolling-Stock,CERT-83969,2025-06-15,2025-09-13,Expiring
TS-08,Signalling,CERT-33897,2025-09-03,2026-03-02,Valid
TS-08,Telecom,CERT-33483,2025-07-21,2025-11-18,Valid
TS-09,Rolling-Stock,CERT-58555,2025-07-03,2025-10-01,Expiring
TS-09,Signalling,CERT-90077,2025-09-04,2026-03-03,Valid
TS-09,Telecom,CERT-77121,2025-06-23,2025-10-21,Valid
TS-10,Rolling-Stock,CERT-29457,2025-09-08,2025-12-07,Valid
TS-10,Signalling,CERT-88953,2025-09-06,2026-03-05,Valid
TS-10,Telecom,CERT-50757,2025-09-08,2026-01-06,Valid
TS-11,Rolling-Stock,CERT-82409,2025-07-11,2025-10-09,Expiring
TS-11,Signalling,CERT-75697,2025-07-30,2026-01-26,Valid
TS-11,Telecom,CERT-42606,2025-06-30,2025-10-28,Valid
TS-12,Rolling-Stock,CERT-21534,2025-07-26,2025-10-24,Valid
TS-12,Signalling,CERT-50397,2025-07-02,2025-12-29,Valid
TS-12,Telecom,CERT-11016,2025-06-17,2025-10-15,Valid
TS-13,Rolling-Stock,CERT-65591,2025-07-12,2025-10-10,Expiring
TS-13,Signalling,CERT-33247,2025-06-19,2025-12-16,Valid
TS-13,Telecom,CERT-92798,2025-06-22,2025-10-20,Valid
TS-14,Rolling-Stock,CERT-96807,2025-07-21,2025-10-19,Valid
TS-14,Signalling,CERT-73704,2025-08-17,2026-02-13,Valid
TS-14,Telecom,CERT-18571,2025-07-14,2025-11-11,Valid
TS-15,Rolling-Stock,CERT-48044,2025-08-02,2025-10-31,Valid
TS-15,Signalling,CERT-71228,2025-08-28,2026-02-24,Valid
TS-15,Telecom,CERT-58984,2025-07-09,2025-11-06,Valid
TS-16,Rolling-Stock,CERT-12568,2025-07-03,2025-10-01,Expiring
TS-16,Signalling,CERT-72592,2025-06-16,2025-12-13,Valid
TS-16,Telecom,CERT-58190,2025-09-04,2026-01-02,Valid
TS-17,Rolling-Stock,CERT-97538,2025-09-01,2025-11-30,Valid
TS-17,Signalling,CERT-43159,2025-06-23,2025-12-20,Valid
TS-17,Telecom,CERT-71858,2025-08-08,2025-12-06,Valid
TS-18,Rolling-Stock,CERT-22666,2025-08-10,2025-11-08,Valid
TS-18,Signalling,CERT-13561,2025-09-07,2026-03-06,Valid
TS-18,Telecom,CERT-62251,2025-08-02,2025-11-30,Valid
TS-19,Rolling-Stock,CERT-18392,2025-09-05,2025-12-04,Valid
TS-19,Signalling,CERT-88603,2025-07-02,2025-12-29,Valid
TS-19,Telecom,CERT-62256,2025-08-09,2025-12-07,Valid
TS-20,Rolling-Stock,CERT-45222,2025-07-26,2025-10-24,Valid
TS-20,Signalling,CERT-89575,2025-07-12,2026-01-08,Valid
TS-20,Telecom,CERT-94651,2025-08-06,2025-12-04,Valid
TS-21,Rolling-Stock,CERT-34538,2025-06-18,2025-09-16,Expiring
TS-21,Signalling,CERT-80592,2025-08-08,2026-02-04,Valid
TS-21,Telecom,CERT-89309,2025-07-27,2025-11-24,Valid
TS-22,Rolling-Stock,CERT-62992,2025-09-09,2025-12-08,Valid
TS-22,Signalling,CERT-16910,2025-09-07,2026-03-06,Valid
TS-22,Telecom,CERT-10206,2025-08-29,2025-12-27,Valid
TS-23,Rolling-Stock,CERT-97897,2025-08-28,2025-11-26,Valid
TS-23,Signalling,CERT-33419,2025-08-01,2026-01-28,Valid
TS-23,Telecom,CERT-60015,2025-06-27,2025-10-25,Valid
TS-24,Rolling-Stock,CERT-64268,2025-07-22,2025-10-20,Valid
TS-24,Signalling,CERT-28141,2025-09-08,2026-03-07,Valid
TS-24,Telecom,CERT-81910,2025-08-20,2025-12-18,Valid
TS-25,Rolling-Stock,CERT-43827,2025-08-28,2025-11-26,Valid
TS-25,Signalling,CERT-72623,2025-08-30,2026-02-26,Valid
TS-25,Telecom,CERT-85450,2025-07-03,2025-10-31,Valid
